,_id,leftStartingZone,climb,__v,metadata.scouterName,metadata.matchNumber,metadata.robotTeam,metadata.robotPosition,startingZone.start1,startingZone.start2,startingZone.start3,pickupLocation.source1,pickupLocation.source2,pickupLocation.ground1,pickupLocation.ground2,pickupLocation.ground3,placement.deposit1,placement.deposit2,placement.deposit3,placement.deposit4,placement.deposit5,placement.deposit6,autoCoral.L1,autoCoral.L2,autoCoral.L3,autoCoral.L4,autoAlgae.netRobot,autoAlgae.processor,autoAlgae.remove,teleCoral.L1,teleCoral.L2,teleCoral.L3,teleCoral.L4,teleAlgae.netRobot,teleAlgae.processor,teleAlgae.remove
0,67c344ea114fd247353f8e0f,True,shallow,0,Kiinon2,1,3255.0,blue_1,True,False,False,False,False,True,True,False,False,False,False,False,False,True,0,0,0,0,0,0,0,0,0,0,0,1,0,0
1,67c344ea114fd247353f8e11,False,none,0,Kiinon2,2,9534.0,blue_1,False,True,False,False,False,False,False,False,False,False,False,False,False,False,0,0,0,0,0,0,0,0,0,0,0,0,0,0
2,67c344ea114fd247353f8e15,True,park,0,Kiinon2,3,6885.0,blue_1,True,False,False,False,False,False,False,False,False,False,False,False,False,False,0,0,0,0,0,0,0,0,0,0,1,0,0,0
3,67c344ea114fd247353f8e19,True,park,0,Kiinon2,4,5137.0,blue_1,False,False,False,False,False,False,False,False,False,False,False,False,False,False,0,0,0,0,0,0,0,0,0,0,2,0,0,0
4,67c34e9b114fd247353f8e74,False,none,0,Carlos,1,610.0,red_3,True,False,False,True,False,False,False,False,False,False,False,False,False,True,0,1,0,0,0,0,0,0,1,4,5,0,0,2
5,67c34e9b114fd247353f8e78,False,deep,0,Carlos,2,702.0,red_3,False,False,True,False,False,False,False,False,False,False,False,False,False,False,0,0,0,0,0,0,0,0,0,0,2,1,0,2
6,67c34e9b114fd247353f8e7b,True,none,0,Carlos,5,8768.0,red_3,True,False,False,False,False,False,False,False,False,False,False,False,False,False,0,0,0,0,0,0,0,1,0,0,1,0,0,0
7,67c34e9b114fd247353f8e7d,False,park,0,Carlos,3,2102.0,red_3,True,False,False,False,False,False,False,False,False,False,False,False,False,True,1,0,0,0,0,0,1,0,0,0,0,0,2,0
8,67c34e9b114fd247353f8e7f,True,none,0,Carlos,4,2839.0,red_3,False,False,True,False,False,False,False,True,False,False,False,False,False,False,0,0,0,0,0,0,0,0,3,0,0,0,0,0
9,67c34e9b114fd247353f8e81,False,none,0,Carlos,6,8015.0,red_3,False,True,False,False,False,False,False,False,False,False,False,False,True,False,0,0,0,1,0,0,0,0,0,0,6,0,0,0
10,67c34e9b114fd247353f8e84,False,none,0,Carlos,7,2658.0,red_3,True,False,False,False,False,False,False,False,False,False,False,False,False,False,0,0,0,0,0,0,0,0,0,0,0,0,0,0
11,67c34e9b114fd247353f8e86,True,none,0,Carlos,8,5817.0,red_3,False,True,False,False,False,False,False,False,False,False,False,True,False,False,1,0,0,1,0,2,2,0,0,0,0,0,0,0
12,67c34e9b114fd247353f8e93,True,park,0,Carlos,9,702.0,red_3,True,False,False,False,False,False,False,False,True,False,False,False,False,False,0,0,0,0,0,0,0,0,0,1,2,2,0,2
13,67c352cd114fd247353f8e98,True,park,0,,1,1388.0,red_2,False,False,True,False,False,False,False,False,False,False,False,False,False,False,0,0,0,0,0,0,0,0,0,1,8,0,0,0
14,67c352cd114fd247353f8e9a,True,park,0,William,2,9452.0,red_2,True,False,False,False,False,False,False,False,False,False,False,False,False,False,0,0,0,0,0,0,0,0,0,0,1,0,0,2
15,67c352cd114fd247353f8e9c,True,none,0,William,3,10147.0,red_2,False,False,True,False,False,False,False,False,False,False,False,False,False,False,0,0,0,0,0,0,0,3,0,0,0,0,0,0
16,67c352cd114fd247353f8e9e,False,none,0,William,4,9772.0,red_2,False,True,False,False,False,False,False,False,False,False,False,False,False,False,0,0,0,0,0,0,0,0,0,0,0,0,0,0
17,67c352cd114fd247353f8ea0,True,park,0,William,5,4.0,red_2,False,False,True,False,False,False,False,False,False,False,False,False,False,False,0,0,0,0,0,0,0,0,1,0,0,0,2,5
18,67c352cd114fd247353f8ea2,False,none,0,William,6,988.0,red_2,True,False,False,False,False,False,False,False,False,False,False,False,False,False,0,0,0,0,0,0,0,0,0,0,0,0,0,0
19,67c352cd114fd247353f8eaf,True,park,0,William,7,5515.0,red_2,False,False,False,True,False,False,False,False,False,False,False,False,False,True,0,0,0,1,0,0,0,0,0,0,0,0,0,0
20,67c352cd114fd247353f8eb1,True,none,0,William,8,6766.0,red_2,True,False,False,True,False,False,False,False,False,False,False,False,False,False,0,0,0,0,0,0,0,1,0,2,4,0,0,0
21,67c352cd114fd247353f8eb3,True,park,0,William,9,610.0,red_2,False,False,True,False,False,False,False,False,False,False,False,False,False,False,0,0,0,0,0,0,0,0,2,3,3,0,0,1
22,67c352cd114fd247353f8eb5,True,park,0,William,10,4414.0,red_2,True,False,False,False,False,True,False,False,False,False,False,False,False,True,0,0,0,1,0,0,0,0,0,0,4,0,0,0
23,67c352cd114fd247353f8ebb,True,none,0,William,11,8015.0,red_2,False,True,False,False,False,False,False,False,False,False,False,False,True,False,0,0,0,1,0,0,0,0,0,0,3,0,0,0
24,67c352cd114fd247353f8ebd,True,park,0,William,12,4.0,red_2,False,False,True,False,False,False,False,False,False,False,False,False,False,False,0,0,0,0,0,0,0,0,2,0,0,0,0,0
25,67c352cd114fd247353f8ec8,True,none,0,Nathan,1,2375.0,blue_3,False,False,True,False,False,False,False,False,False,False,False,False,False,False,0,0,0,0,0,0,0,0,1,3,0,0,0,1
26,67c352cd114fd247353f8eca,True,failed,0,Nathan,2,4400.0,blue_3,True,False,False,True,False,False,False,False,False,False,False,False,False,False,0,0,0,2,0,0,0,1,2,0,2,0,0,0
27,67c352cd114fd247353f8ecc,True,failed,0,Nathan,3,498.0,blue_3,True,False,False,False,False,False,False,False,False,False,False,False,False,False,0,0,0,0,0,0,0,1,0,0,2,0,0,0
28,67c352cd114fd247353f8ece,True,none,0,Nathan,4,114.0,blue_3,False,False,True,False,False,False,False,False,False,False,False,False,False,False,0,0,0,0,0,0,0,0,0,0,0,0,1,1
29,67c352cd114fd247353f8ed0,False,none,0,Nathan,5,2584.0,blue_3,False,True,False,False,False,False,False,False,False,False,False,False,False,False,0,0,0,1,1,0,0,0,1,2,2,0,0,2
30,67c352cd114fd247353f8ed2,False,none,0,Nathan,6,8891.0,blue_3,False,False,True,False,False,False,False,False,False,False,False,False,False,False,0,0,0,0,0,0,0,0,0,1,1,0,0,0
31,67c352cd114fd247353f8edf,True,park,0,Nathan,7,6658.0,blue_3,False,True,False,False,False,False,False,False,False,False,False,False,False,False,0,0,0,0,0,0,0,0,0,0,0,0,0,0
32,67c352cd114fd247353f8ee1,True,deep,0,Nathan,8,2543.0,blue_3,False,False,True,False,False,False,False,False,False,False,False,False,False,False,0,0,0,0,0,0,0,0,0,0,1,0,0,1
33,67c352cd114fd247353f8ee4,True,park,0,Nathan,9,3759.0,blue_3,False,True,False,False,False,False,False,False,False,False,False,False,False,False,0,0,0,0,0,0,0,0,1,0,0,0,0,0
34,67c352cd114fd247353f8ee7,False,park,0,Nathan,10,6560.0,blue_3,True,False,False,True,False,False,False,False,False,False,False,False,False,False,0,0,0,0,0,0,0,0,0,0,0,0,0,0
35,67c352cd114fd247353f8ee9,True,park,0,Nathan,11,9599.0,blue_3,False,True,False,False,False,False,False,False,False,False,True,False,False,False,0,0,0,0,0,0,0,0,0,5,0,0,0,2
36,67c352cd114fd247353f8eeb,True,park,0,Nathan,12,1388.0,blue_3,False,False,True,False,False,False,False,False,False,False,False,False,False,False,0,0,0,0,0,0,0,1,0,0,2,0,0,0
37,67c352e2114fd247353f8ef8,True,deep,0,Chiamaka,1,2543.0,red_1,False,True,False,False,False,False,False,False,False,False,False,False,True,False,1,0,0,0,0,0,0,0,0,0,0,0,5,1
38,67c352e2114fd247353f8efa,False,park,0,Chiamaka,2,1452.0,red_1,False,True,False,False,False,False,False,False,False,False,False,False,False,False,0,0,0,0,0,0,0,0,0,1,1,0,0,1
39,67c352e2114fd247353f8efe,True,park,0,Chiamaka,3,3759.0,red_1,False,True,False,False,False,False,False,False,False,False,False,False,False,False,0,0,0,0,0,0,0,0,0,0,0,0,0,0
40,67c352e2114fd247353f8f00,False,failed,0,Chiamaka,4,2485.0,red_1,True,False,False,False,False,False,False,False,False,False,False,False,False,False,0,0,0,0,0,0,0,0,0,0,0,0,0,0
41,67c352e2114fd247353f8f04,True,failed,0,Chiamaka,5,6657.0,red_1,False,True,False,False,False,False,False,False,False,False,False,False,False,False,1,0,0,0,0,0,0,6,2,0,0,0,2,0
42,67c352e2114fd247353f8f07,False,park,0,Chiamaka,6,991.0,red_1,False,False,True,False,False,False,False,False,False,False,False,False,False,False,0,0,0,0,0,0,0,0,0,0,0,0,0,0
43,67c352e2114fd247353f8f09,True,shallow,0,Chiamaka,7,10120.0,red_1,False,False,True,False,False,False,False,False,False,False,False,False,False,False,0,0,0,0,0,0,0,0,0,3,2,0,0,1
44,67c352e2114fd247353f8f0b,True,shallow,0,Chiamaka,8,3881.0,red_1,False,False,True,False,False,False,False,False,False,False,False,False,False,False,0,0,0,0,0,0,0,3,0,0,0,0,0,0
45,67c352e2114fd247353f8f10,True,failed,0,Chiamaka,9,114.0,red_1,False,True,False,False,False,False,False,False,False,False,False,False,False,False,0,0,0,0,0,0,0,1,0,1,0,0,0,2
46,67c352e2114fd247353f8f1b,True,park,0,Chiamaka,10,2375.0,red_1,False,False,True,False,False,False,False,False,False,False,False,False,False,False,0,0,0,0,0,0,0,0,0,0,1,0,0,2
47,67c352e2114fd247353f8f1d,True,shallow,0,Chiamaka,11,498.0,red_1,False,False,True,False,False,False,False,False,False,False,True,False,False,False,1,0,0,0,0,0,0,0,0,0,0,0,0,0
48,67c352e2114fd247353f8f1f,False,none,0,Chiamaka,12,8119.0,red_1,True,False,False,False,False,False,False,False,False,False,False,False,False,False,0,0,0,0,0,0,0,0,0,0,0,0,2,3
49,67c3530d114fd247353f8fb8,True,park,0,Carlos,10,10147.0,red_3,False,False,True,False,False,False,False,False,False,False,False,True,False,False,1,0,0,0,0,0,0,4,0,0,0,0,0,0
50,67c3530d114fd247353f8fba,True,park,0,Carlos,11,8768.0,red_3,True,False,False,False,False,False,False,False,False,False,False,False,False,False,0,0,0,0,0,0,0,2,4,0,0,0,0,1
51,67c3530d114fd247353f8fbc,False,park,0,Carlos,12,5025.0,red_3,False,True,False,False,False,False,False,False,False,False,False,False,False,False,0,0,0,0,0,0,0,4,0,0,0,0,0,0
52,67c35338114fd247353f8fc4,True,park,0,Christian,1,399.0,blue_2,False,True,False,False,False,False,False,False,False,False,False,False,False,False,0,0,0,0,0,0,0,0,0,0,0,0,0,0
53,67c35338114fd247353f8fc6,True,failed,0,Christian,2,3863.0,blue_2,False,False,True,False,False,False,False,False,False,False,False,False,False,False,0,0,0,0,0,0,0,2,3,4,0,0,0,2
54,67c35338114fd247353f8fc8,True,park,0,Christian,3,5817.0,blue_2,False,True,False,False,False,False,False,False,False,False,False,False,False,False,0,0,0,1,0,0,0,0,0,0,5,0,2,1
55,67c35338114fd247353f8fca,False,failed,0,Christian,4,6560.0,blue_2,True,False,False,False,False,False,False,False,False,False,False,False,False,False,0,0,0,0,0,0,0,1,0,3,0,0,0,1
56,67c35338114fd247353f8fcc,False,park,0,Christian,5,4414.0,blue_2,False,False,True,False,False,False,False,False,False,False,False,False,False,False,0,0,0,0,0,0,0,0,0,0,0,0,4,0
57,67c35338114fd247353f8fce,False,park,0,Christian,6,8119.0,blue_2,False,True,False,False,False,False,False,False,False,False,False,False,False,False,0,0,0,0,0,0,0,0,0,0,0,0,4,4
58,67c35339114fd247353f8fdb,False,park,0,Christian,7,5025.0,blue_2,False,False,True,False,False,False,False,False,False,False,False,False,False,False,0,0,0,0,0,0,0,4,0,0,0,0,0,0
59,67c35339114fd247353f8fdd,True,park,0,Christian,8,4201.0,blue_2,False,True,False,False,False,False,False,False,False,False,False,False,False,False,0,0,0,0,0,0,0,0,2,5,4,0,0,0
60,67c35339114fd247353f8fdf,True,park,0,Christian,9,2839.0,blue_2,False,False,True,False,False,False,False,False,False,False,False,False,False,False,0,0,0,0,0,0,0,0,0,0,1,0,0,0
61,67c35339114fd247353f8fe1,False,park,0,Christian,10,2102.0,blue_2,False,False,True,False,False,False,False,False,False,False,False,False,False,False,0,0,0,0,0,0,0,3,1,4,1,0,0,0
62,67c35339114fd247353f8fe3,False,park,0,Christian,11,1452.0,blue_2,True,False,False,False,False,False,False,False,False,False,False,False,False,False,0,0,0,0,0,0,0,0,0,0,1,0,0,1
63,67c35339114fd247353f8fea,True,park,0,Christian,12,5137.0,blue_2,False,True,False,False,False,False,False,False,False,True,False,False,False,False,0,0,0,0,0,0,0,0,1,1,2,0,0,1
64,67c366f2114fd247353f9087,False,park,0,Kkinnon2,5,3598.0,blue_1,False,False,False,False,False,False,False,False,False,False,False,False,False,False,0,0,0,0,0,0,0,0,0,0,2,0,0,0
65,67c366f2114fd247353f908b,True,none,0,Kkinnon2,6,9599.0,blue_1,False,False,False,False,False,False,False,False,False,False,False,False,False,False,0,0,0,0,0,0,0,2,0,4,0,0,0,0
66,67c366f2114fd247353f908d,False,shallow,0,Kkinnon2,7,1159.0,blue_1,False,True,False,False,False,False,False,False,False,False,False,False,False,False,1,0,0,0,0,0,0,0,0,0,0,0,0,0
67,67c366f2114fd247353f908f,False,shallow,0,Kkinnon2,8,3647.0,blue_1,False,False,False,False,False,False,False,False,False,False,False,False,False,False,0,0,0,0,0,0,0,0,0,0,0,0,0,2
68,67c366f2114fd247353f9091,True,shallow,0,Kkinnon2,9,9452.0,blue_1,True,False,False,False,False,False,False,False,False,False,False,False,False,False,0,0,0,0,0,0,0,0,0,0,3,2,0,5
69,67c366f2114fd247353f9093,False,none,0,Kkinnon2,10,399.0,blue_1,False,True,False,False,False,False,False,False,False,False,False,False,False,False,0,0,0,0,0,0,0,0,0,0,7,0,0,0
70,67c366f2114fd247353f9099,False,none,0,Kkinnon2,11,9772.0,blue_1,False,False,True,False,False,False,False,False,False,False,False,False,False,False,0,0,0,0,0,0,0,0,0,0,0,0,0,0
71,67c366f2114fd247353f90a1,True,none,0,Andy :),12,6657.0,blue_1,True,False,False,False,False,False,False,False,False,False,True,False,False,False,1,0,0,0,0,0,0,0,1,1,1,0,2,2
72,67c366f2114fd247353f90a3,True,park,0,Andy :),13,10120.0,blue_1,True,False,False,False,False,False,False,False,False,False,False,False,False,True,0,0,0,0,0,0,0,1,0,2,3,0,0,1
73,67c366f2114fd247353f90a5,True,park,0,Andy :),14,2658.0,blue_1,True,False,False,False,False,False,False,False,False,False,False,False,False,False,0,0,0,0,0,0,0,0,0,0,0,0,0,0
74,67c366f2114fd247353f90a7,False,park,0,Andy :),15,6766.0,blue_1,False,False,True,False,True,False,False,False,False,False,True,False,False,False,0,0,0,0,0,0,0,0,0,0,0,0,6,0
75,67c366f2114fd247353f90ae,True,park,0,Andy :),16,1159.0,blue_1,False,True,False,False,False,False,False,False,False,True,False,False,False,False,0,0,0,0,0,0,0,0,0,0,0,0,0,0
76,67c366f2114fd247353f90b0,False,park,0,Andy :),17,8119.0,blue_1,True,False,False,False,False,False,False,False,False,False,False,False,False,False,0,0,0,0,0,0,0,0,1,0,0,0,5,5
77,67c366f2114fd247353f90b8,False,deep,0,Andy :),18,4414.0,blue_1,False,False,True,False,False,False,False,False,False,False,True,False,False,False,0,0,0,0,0,0,0,3,3,3,4,0,1,2
78,67c366f2114fd247353f90ba,True,deep,0,Andy :),19,1388.0,blue_1,True,False,False,False,False,False,False,False,False,False,False,False,False,False,0,0,0,0,0,0,0,0,0,3,6,0,0,1
79,67c366f2114fd247353f90bc,True,park,0,Andy :),20,5515.0,blue_1,True,False,False,False,False,False,False,False,False,False,False,False,False,False,0,0,0,0,0,0,0,0,0,0,4,0,0,0
80,67c366f2114fd247353f90c3,True,park,0,Andy :),21,10147.0,blue_1,True,False,False,False,False,False,False,False,True,False,False,False,False,False,1,0,0,0,0,0,0,7,0,0,0,0,0,0
81,67c369a7114fd247353f90fb,True,park,0,Nicholas,13,2485.0,red_2,True,False,False,False,False,False,False,False,False,False,False,False,False,False,0,0,0,0,0,0,0,0,0,4,1,1,0,1
82,67c369a7114fd247353f90fd,False,none,0,Nicholas,14,991.0,red_2,False,True,False,False,False,False,False,False,False,False,False,False,False,False,0,0,0,0,0,0,0,0,0,0,0,0,0,0
83,67c369a7114fd247353f90ff,True,none,0,Nicholas,15,2584.0,red_2,False,True,False,False,False,False,False,False,False,False,False,False,True,False,0,0,0,0,1,0,1,1,0,4,0,0,0,0
84,67c369a7114fd247353f9101,True,park,0,Nicholas,16,9599.0,red_2,False,True,False,False,False,False,False,False,False,False,False,False,False,False,0,0,0,0,0,0,0,0,1,3,0,0,0,1
85,67c369a7114fd247353f9103,True,none,0,Nicholas,17,2375.0,red_2,True,False,False,False,False,False,False,False,False,False,False,False,False,False,0,0,0,0,0,0,0,0,3,2,0,0,0,1
86,67c369a7114fd247353f9105,True,deep,0,Nicholas,18,2543.0,red_2,False,False,True,False,False,False,False,False,False,False,False,False,False,False,0,0,0,0,0,0,0,0,0,0,4,0,1,1
87,67c369a7114fd247353f9112,True,park,0,Nicholas,19,2485.0,red_2,True,False,False,False,False,False,False,False,False,False,False,False,False,False,0,0,0,0,0,0,0,0,0,0,1,1,4,5
88,67c369a7114fd247353f9114,True,deep,0,Nicholas,20,4400.0,red_2,False,False,True,False,True,False,False,False,False,False,False,True,False,False,0,0,0,0,0,0,0,0,0,0,6,0,0,1
89,67c369a7114fd247353f9116,False,none,0,Nicholas,21,,red_2,False,False,True,False,False,False,False,False,False,False,False,False,False,False,0,0,0,0,0,0,0,0,0,0,0,0,0,0
90,67c369a7114fd247353f9118,True,none,0,Nicholas,22,8891.0,red_2,True,False,False,False,False,False,False,False,False,False,False,False,False,False,0,0,0,0,0,0,0,0,0,0,3,0,1,2
91,67c36a07114fd247353f9123,True,none,0,Andy :),22,399.0,blue_1,True,False,False,False,False,False,False,False,False,False,False,False,False,False,0,0,0,0,0,0,0,0,0,0,5,0,0,0
92,67c36a14114fd247353f9127,True,none,0,Chiamaka,13,6885.0,red_1,True,False,False,False,False,False,False,False,False,False,False,False,False,False,0,0,0,0,0,0,0,0,1,0,0,0,0,0
93,67c36a14114fd247353f9129,True,none,0,Chiamaka,14,5515.0,red_1,True,False,False,False,False,False,False,False,False,False,False,False,False,False,0,0,0,1,0,0,0,0,1,0,4,0,0,0
94,67c36a14114fd247353f912b,True,deep,0,Chiamaka,15,3255.0,red_1,False,False,False,False,False,False,False,False,False,False,False,False,False,False,0,0,0,2,0,0,0,0,5,2,3,1,0,0
95,67c36a14114fd247353f912d,True,deep,0,Chiamaka,16,4201.0,red_1,False,True,False,False,False,False,False,False,False,False,False,False,False,False,0,0,0,1,0,0,0,0,1,0,3,0,0,0
96,67c36a14114fd247353f912f,True,none,0,Chiamaka,17,5025.0,red_1,False,False,False,False,False,False,False,False,False,False,False,False,False,False,0,0,0,0,0,0,0,4,0,0,0,0,0,0
97,67c36a14114fd247353f9131,True,none,0,Chiamaka,18,5137.0,red_1,False,False,False,False,False,False,False,False,False,False,False,False,False,False,0,0,0,0,0,0,0,0,1,2,4,0,0,0
98,67c36a14114fd247353f913e,False,park,0,Chiamaka,19,2658.0,red_1,False,False,True,False,False,False,False,False,False,False,False,False,False,False,0,0,0,0,0,0,0,0,0,0,0,0,0,0
99,67c36a14114fd247353f9140,False,park,0,Chiamaka,20,9772.0,red_1,True,False,False,False,False,False,False,False,False,False,False,False,False,False,0,0,0,0,0,0,0,1,0,0,0,0,0,0
100,67c36a14114fd247353f9142,True,park,0,Chiamaka,21,9452.0,red_1,True,False,False,False,False,False,False,False,False,False,False,False,False,False,0,0,0,0,0,0,0,0,0,0,2,0,0,0
101,67c36a14114fd247353f9144,True,deep,0,Chiamaka,22,3881.0,red_1,False,False,True,False,False,False,False,False,False,False,False,False,False,False,0,0,0,0,0,0,0,0,3,0,0,0,0,0
102,67c36a22114fd247353f914f,False,park,0,Christian,13,6658.0,blue_2,False,False,False,False,False,False,True,False,False,False,True,False,False,False,0,0,0,0,0,0,0,0,0,0,0,0,0,0
103,67c36a22114fd247353f9151,False,park,0,Christian,14,9534.0,blue_2,False,True,False,False,False,False,False,False,False,True,False,False,False,False,0,0,0,0,0,0,0,0,0,0,0,0,0,0
104,67c36a22114fd247353f9153,True,deep,0,Christian,15,3863.0,blue_2,False,True,False,False,False,True,False,False,True,False,False,False,False,False,0,0,0,0,0,0,0,1,0,7,0,0,0,2
105,67c36a22114fd247353f9155,False,deep,0,Christian,16,702.0,blue_2,False,True,False,False,False,False,False,True,False,False,True,False,False,False,0,0,0,0,0,0,0,0,0,0,2,1,0,1
106,67c36a22114fd247353f9157,True,park,0,Maddie,17,3759.0,blue_2,False,True,False,False,False,False,False,False,False,True,False,False,True,False,0,0,0,0,0,0,0,0,2,3,1,0,0,1
107,67c36a22114fd247353f9159,True,none,0,Maddie,18,6657.0,blue_2,False,True,False,False,False,False,False,False,False,True,False,False,False,False,1,0,0,0,0,0,0,1,2,3,0,0,1,1
108,67c36a22114fd247353f9165,True,park,0,Maddie,19,8015.0,blue_2,False,True,False,False,False,False,False,False,False,True,False,False,False,False,0,0,0,0,0,0,0,0,0,1,5,0,0,0
109,67c36a22114fd247353f9169,True,deep,0,Maddie,20,3255.0,blue_2,False,False,True,False,False,False,False,False,False,False,False,True,False,False,1,0,0,0,0,0,0,2,0,0,4,2,0,3
110,67c36a22114fd247353f916b,True,failed,0,Maddie,21,3647.0,blue_2,False,False,True,False,False,False,False,False,False,False,False,False,False,False,0,0,0,0,0,0,0,0,0,0,0,0,0,0
111,67c36a22114fd247353f916d,True,deep,0,Maddie,22,498.0,blue_2,True,False,False,False,False,False,False,False,True,False,False,False,False,False,0,0,0,0,0,0,0,2,0,0,2,0,0,0
112,67c36a6c114fd247353f91ef,True,park,0,David G.,13,2485.0,red_3,False,False,True,False,False,False,False,False,False,False,False,False,False,False,0,0,0,0,0,0,0,0,0,4,0,1,0,1
113,67c36a6c114fd247353f91f3,True,shallow,0,David G.,14,3881.0,red_3,False,False,True,False,False,False,False,False,False,False,False,False,False,False,0,0,0,0,0,0,0,1,2,0,0,0,0,0
114,67c36a6c114fd247353f91f5,True,park,0,David G.,15,8891.0,red_3,True,False,False,False,False,False,False,False,False,False,False,False,False,False,0,0,0,0,0,0,1,0,0,1,1,0,1,1
115,67c36a6c114fd247353f91f7,True,none,0,David G.,16,5817.0,red_3,True,False,False,True,False,False,False,False,False,False,False,False,False,False,0,0,0,1,0,0,1,0,0,1,3,0,0,4
116,67c36a6c114fd247353f91f9,True,park,0,David G.,17,2839.0,red_3,False,True,False,False,False,False,False,False,False,False,False,False,False,False,0,0,0,0,0,0,0,0,0,0,2,0,0,0
117,67c36a6c114fd247353f91fb,False,deep,0,David G.,18,3598.0,red_3,False,True,False,False,False,False,False,False,False,False,False,False,False,False,0,0,0,1,0,0,0,0,0,0,2,0,0,0
118,67c36a6c114fd247353f91fd,False,park,0,David G.,19,610.0,red_3,False,False,True,False,True,False,False,False,False,False,False,False,False,False,0,0,0,0,0,0,0,0,0,0,8,0,0,1
119,67c36a6c114fd247353f9209,False,park,0,David G.,20,6766.0,red_3,False,True,False,False,False,False,False,False,False,False,False,False,False,False,0,0,0,0,0,0,0,2,2,2,3,0,0,1
120,67c36a6c114fd247353f920b,False,none,0,David G.,21,,red_3,False,False,False,False,False,False,False,False,False,False,False,False,False,False,0,0,0,0,0,0,0,0,0,0,0,0,0,0
121,67c36a6c114fd247353f920d,False,park,0,David G.,22,9452.0,red_3,True,False,False,False,False,False,False,False,False,False,False,False,False,False,0,0,0,0,0,0,0,0,0,0,3,1,0,1
122,67c36a6c114fd247353f920f,True,shallow,0,David G.,22,9534.0,red_3,False,False,False,False,False,False,False,False,False,False,False,False,False,False,0,0,0,0,0,0,0,0,0,0,0,0,0,0
123,67c377a43904abcc1776d377,True,park,0,andy :),23,6885.0,blue_1,False,False,True,False,False,False,False,False,False,False,False,False,False,False,0,0,0,0,0,0,0,0,3,0,0,0,0,0
124,67c379973904abcc1776d38e,True,deep,0,Jacob,13,3598.0,blue_3,False,True,False,False,False,False,False,False,False,True,False,False,False,False,0,0,0,0,0,0,0,0,0,0,7,0,0,0
125,67c379973904abcc1776d390,True,park,0,Jacob,14,988.0,blue_3,False,False,True,False,False,False,False,False,False,False,False,False,False,False,0,0,0,0,0,0,0,0,0,0,0,0,0,0
126,67c379973904abcc1776d392,True,park,0,Jacob,15,3647.0,blue_3,False,True,False,False,False,False,False,False,False,False,False,False,False,False,0,0,0,0,0,0,0,0,0,0,1,0,0,0
127,67c379973904abcc1776d394,True,none,0,Jacob,16,6560.0,blue_3,True,False,False,False,False,False,False,False,True,False,False,False,False,False,0,0,0,0,0,0,0,0,0,6,0,0,0,2
128,67c379973904abcc1776d396,True,park,0,Jacob,17,1452.0,blue_3,False,False,True,False,False,False,False,False,False,False,False,False,False,False,0,0,0,0,0,0,0,0,0,0,1,0,0,0
129,67c379973904abcc1776d398,True,park,0,Jacob,18,2102.0,blue_3,True,False,False,True,False,False,False,False,True,False,False,False,False,False,0,0,0,0,0,0,0,0,0,0,0,0,3,3
130,67c379973904abcc1776d3a6,True,park,0,Jacob,21,1159.0,blue_3,False,True,False,False,False,False,False,False,False,True,False,False,False,False,0,0,0,0,0,0,0,0,0,0,0,0,0,0
131,67c379973904abcc1776d3aa,True,park,0,Jacob,22,2584.0,blue_3,False,False,True,False,False,False,False,False,False,False,False,False,False,False,0,0,0,1,0,0,0,0,0,4,2,1,0,3
132,67c379973904abcc1776d3a2,True,park,0,Jacob,19,4.0,blue_3,False,False,True,False,False,False,False,False,False,False,False,False,False,False,0,0,0,0,0,0,0,0,1,0,0,0,3,4
133,67c379973904abcc1776d3a4,False,park,0,Jacob,20,8768.0,blue_3,False,True,False,False,False,False,False,False,False,True,False,False,False,False,0,0,0,0,0,0,0,0,0,0,0,0,0,0
134,67c381853822051181ced03f,True,park,0,Nicholas,23,4201.0,red_2,False,True,False,False,False,False,False,False,False,False,False,False,False,False,0,0,0,0,0,0,0,1,2,0,3,0,0,1
135,67c381853822051181ced041,True,park,0,Nicholas,24,9599.0,red_2,False,False,True,False,False,False,False,False,False,False,False,False,False,False,0,0,0,0,0,0,0,0,0,2,0,0,0,1
136,67c381853822051181ced043,True,none,0,Nicholas,25,2375.0,red_2,False,False,True,False,False,False,False,False,False,False,False,False,False,False,0,0,0,0,0,0,0,0,0,2,0,0,2,0
137,67c381853822051181ced045,True,park,0,Stephen ,26,1159.0,red_2,False,False,False,False,False,False,False,False,False,False,False,False,False,False,0,0,0,0,0,0,0,0,0,0,0,0,0,0
138,67c381853822051181ced047,True,park,0,Stephen ,27,10147.0,red_2,True,False,False,False,False,False,False,False,False,False,False,False,False,True,1,0,0,0,0,0,0,4,0,0,0,0,0,0
139,67c3819d3822051181ced053,False,failed,0,David G.,23,3863.0,red_3,False,False,True,False,False,False,False,False,False,False,False,False,False,False,0,0,1,0,0,0,1,0,1,5,0,0,1,2
140,67c3819d3822051181ced055,False,none,0,David G.,24,2839.0,red_3,True,False,False,False,False,False,False,False,False,False,False,False,False,False,0,0,0,0,0,0,0,0,1,1,0,0,0,0
141,67c3819d3822051181ced057,False,none,0,David G.,25,6657.0,red_3,False,True,False,False,False,False,False,False,False,False,False,False,False,False,0,0,0,0,0,0,0,0,0,0,1,0,1,0
142,67c3819d3822051181ced059,True,deep,0,Nuvya G,26,3255.0,red_3,False,False,False,False,False,False,False,False,False,False,False,False,False,False,0,0,0,1,0,0,0,0,0,0,1,5,0,2
143,67c3819d3822051181ced05b,True,deep,0,Nuvya G,27,2543.0,red_3,False,True,False,False,False,False,False,False,False,False,False,False,True,False,1,0,0,0,0,0,0,0,0,0,3,0,3,0
144,67c381b43822051181ced067,True,none,0,andy :),24,5817.0,blue_1,True,False,False,False,False,False,False,False,False,False,False,False,False,False,0,0,0,0,0,0,0,0,1,0,0,0,3,3
145,67c381b43822051181ced069,True,park,0,andy :),25,4.0,blue_1,False,True,False,False,False,False,False,False,False,False,False,False,False,False,0,0,0,0,0,0,0,0,0,1,0,0,3,6
146,67c381b43822051181ced06b,False,park,0,Ethan P.,27,9534.0,blue_1,False,False,False,False,False,False,False,True,False,False,False,False,False,False,0,0,0,0,0,0,0,0,0,0,0,0,0,0
147,67c383273822051181ced073,True,none,0,Chiamaka,23,114.0,red_1,True,False,False,False,False,False,False,False,False,False,False,False,False,False,0,0,0,0,0,0,0,0,0,1,1,0,0,3
148,67c383273822051181ced075,True,deep,0,Chiamaka,24,4414.0,red_1,False,True,False,False,False,True,False,False,False,False,False,False,False,True,0,0,0,1,0,0,0,0,2,2,4,0,2,3
149,67c383273822051181ced077,True,none,0,Adrian,25,6766.0,red_1,True,False,False,True,False,False,False,False,True,False,False,False,False,True,0,0,0,0,0,0,1,6,0,0,0,0,1,1
150,67c383273822051181ced079,True,park,0,Josie,26,3759.0,red_1,False,False,True,False,False,False,False,False,False,False,False,False,False,False,0,0,0,0,0,0,0,0,2,0,0,1,0,0
151,67c383273822051181ced07b,False,park,0,Josie,27,8015.0,red_1,False,False,True,False,False,False,False,False,False,False,False,False,False,False,0,0,1,4,0,0,0,0,0,0,0,0,0,0
152,67c383273822051181ced07d,True,park,0,Josie,28,6885.0,red_1,False,False,True,False,False,False,False,False,False,False,False,False,False,False,0,0,0,0,0,0,0,0,2,0,0,0,0,0
153,67c383383822051181ced08b,False,none,0,Maddie,23,991.0,blue_2,True,False,False,False,False,False,False,False,False,False,False,False,False,False,0,0,0,0,0,0,0,0,0,0,0,0,0,0
154,67c383383822051181ced08d,True,park,0,Maddie,24,2658.0,blue_2,False,False,True,False,False,False,False,False,False,False,True,False,False,False,0,0,0,0,0,0,0,0,0,0,0,0,0,0
155,67c383383822051181ced08f,True,failed,0,Maddie,25,702.0,blue_2,False,False,True,False,False,False,False,False,False,False,False,True,False,False,0,0,0,0,0,0,0,0,0,0,4,0,0,0
156,67c383383822051181ced091,False,park,0,Alex,26,8768.0,blue_2,False,False,False,False,False,False,False,False,False,False,False,False,False,False,0,0,0,0,0,0,0,4,0,0,2,0,0,0
157,67c383383822051181ced093,True,deep,0,Alex,27,3598.0,blue_2,False,False,False,False,False,False,False,False,False,False,False,False,False,False,0,0,0,1,0,0,0,0,0,0,8,0,0,0
158,67c383383822051181ced099,True,deep,0,Alex,28,9452.0,blue_2,False,False,False,False,False,False,False,False,False,False,False,False,False,False,0,0,0,0,0,0,0,0,0,0,4,0,0,0
159,67c383413822051181ced0a3,True,park,0,Jacob,23,10120.0,blue_3,False,True,False,False,False,False,False,False,False,False,False,False,False,False,0,0,0,0,0,0,0,0,0,1,4,0,0,0
160,67c383413822051181ced0a5,False,park,0,Jacob,24,8119.0,blue_3,False,True,False,False,False,False,False,False,False,True,False,False,False,False,0,0,0,0,0,0,0,0,1,0,0,0,3,4
161,67c383413822051181ced0a7,True,park,0,Jacob,25,4400.0,blue_3,True,False,False,True,False,False,False,False,True,False,False,False,False,False,0,0,0,2,0,0,0,0,1,4,4,0,0,0
162,67c383413822051181ced0a9,True,park,0,Mali,27,5025.0,blue_3,True,False,False,False,False,False,False,False,False,False,False,False,False,False,0,0,0,0,0,0,0,2,0,0,0,0,0,0
163,67c383413822051181ced0ab,True,none,0,Mali,28,3881.0,blue_3,False,True,False,False,False,False,False,False,False,False,False,False,False,False,0,0,0,0,0,0,0,1,1,2,0,0,0,0
164,67c383663822051181ced0f3,True,none,0,Nuvya G,28,399.0,red_3,False,True,False,False,False,False,False,False,False,False,False,False,False,False,0,0,0,0,0,0,0,0,0,0,1,0,4,0
165,67c383803822051181ced0f7,True,none,0,Stephen ,28,8891.0,red_2,True,False,False,True,False,False,False,False,False,False,False,False,False,False,0,0,0,0,0,0,1,0,0,0,3,0,1,4
166,67c38fdfa522b4c28eabe058,True,park,0,Ethan P.,28,2485.0,blue_1,False,False,False,True,False,False,False,True,False,False,False,False,False,False,0,0,0,0,0,0,0,0,0,0,6,1,0,3
167,67c38fdfa522b4c28eabe05a,True,park,0,Ethan P.,29,1452.0,blue_1,False,False,False,False,False,False,True,False,False,False,False,False,False,False,0,0,1,0,0,0,0,0,0,0,0,0,0,0
168,67c38fdfa522b4c28eabe05c,True,park,0,Ethan P.,30,3647.0,blue_1,False,False,False,False,False,False,True,False,False,False,False,False,False,False,0,0,0,0,0,0,0,1,0,0,0,0,0,0
169,67c38fdfa522b4c28eabe05e,True,deep,0,Ethan P.,31,3863.0,blue_1,False,False,False,False,False,True,False,False,False,False,False,False,False,False,0,0,0,0,0,0,1,0,1,6,0,0,1,3
170,67c38fdfa522b4c28eabe060,True,park,0,Ethan P.,32,1159.0,blue_1,False,False,False,False,False,True,False,False,False,False,False,False,False,False,0,0,0,0,0,0,0,1,0,0,0,0,0,0
171,67c38fdfa522b4c28eabe062,True,none,0,Ethan P.,33,2839.0,blue_1,False,False,False,False,False,False,True,False,False,False,False,False,False,False,0,0,0,0,0,0,0,0,0,1,0,0,0,0
172,67c38fdfa522b4c28eabe06e,True,none,0,Ethan P.,34,4.0,blue_1,False,False,False,False,False,False,True,False,False,False,False,False,False,False,0,0,0,0,0,0,0,0,0,2,0,0,3,6
173,67c38fdfa522b4c28eabe070,True,park,0,Ethan P.,35,4201.0,blue_1,False,False,False,False,False,False,True,False,False,False,False,False,True,False,0,0,0,1,0,0,0,0,2,3,3,0,0,1
174,67c38fefa522b4c28eabe0cc,True,none,0,Alex,29,114.0,blue_2,False,False,False,False,False,False,False,False,False,False,False,False,False,False,0,0,0,0,0,0,0,1,0,0,1,0,0,1
175,67c38fefa522b4c28eabe0ce,True,none,0,Alex,30,2102.0,blue_2,False,False,False,False,False,False,False,False,False,False,False,False,False,False,0,0,0,0,0,0,0,3,1,4,3,0,0,2
176,67c38fefa522b4c28eabe0d0,False,none,0,Alex,31,991.0,blue_2,False,False,False,False,False,False,False,False,False,False,False,False,False,False,0,0,0,0,0,0,0,0,0,0,0,0,0,0
177,67c38fefa522b4c28eabe0d2,True,none,0,Alex,32,6766.0,blue_2,False,False,False,False,False,False,False,False,False,False,False,False,False,False,0,0,0,0,0,0,0,1,1,0,2,0,0,3
178,67c38fefa522b4c28eabe0d4,True,none,0,Alex,33,6885.0,blue_2,False,False,False,False,False,False,False,False,False,False,False,False,False,False,0,0,0,0,0,0,0,3,0,0,0,0,0,0
179,67c38fefa522b4c28eabe0d6,False,none,0,Alex,34,2375.0,blue_2,False,False,False,False,False,False,False,False,False,False,False,False,False,False,0,0,0,0,0,0,0,0,2,3,0,0,0,0
180,67c38fefa522b4c28eabe0e2,True,park,0,Alex,35,5515.0,blue_2,False,False,False,False,False,False,False,False,False,False,False,False,False,False,0,0,0,0,0,0,0,0,2,1,3,0,0,0
181,67c39006a522b4c28eabe0e8,False,deep,0,Josie,29,988.0,red_1,False,False,True,False,False,False,False,False,False,False,False,False,False,False,0,0,0,0,0,0,0,0,0,0,0,0,0,0
182,67c39006a522b4c28eabe0ea,True,shallow,0,Josie,30,1388.0,red_1,True,False,False,False,False,False,False,False,False,False,False,False,False,False,0,0,0,0,0,0,0,0,1,0,3,0,0,0
183,67c39006a522b4c28eabe0ec,True,park,0,Josie,31,610.0,red_1,False,False,True,False,False,False,False,False,False,False,False,False,False,False,0,0,0,0,0,0,0,0,2,1,4,0,0,0
184,67c39006a522b4c28eabe0ee,True,park,0,Josie,32,8119.0,red_1,True,False,False,False,False,False,False,False,False,False,False,False,False,False,0,1,0,0,0,0,1,0,0,0,0,0,3,2
185,67c39006a522b4c28eabe0f0,True,park,0,Josie,33,8891.0,red_1,False,False,True,False,False,False,False,False,False,False,False,False,False,False,0,0,0,0,0,0,0,0,0,0,1,4,0,1
186,67c39006a522b4c28eabe0f2,True,park,0,Josie,34,6560.0,red_1,False,False,True,False,False,False,False,False,False,False,False,False,False,False,0,0,0,0,0,0,0,0,0,3,0,0,0,2
187,67c39006a522b4c28eabe0fe,True,deep,0,Josie,35,1452.0,red_1,False,True,False,False,False,False,False,False,False,False,False,False,False,False,0,0,0,0,0,0,0,2,0,0,1,0,0,0
188,67c39015a522b4c28eabe104,True,shallow,0,Mali,29,498.0,blue_3,False,False,False,False,False,False,False,False,False,False,False,False,False,False,0,0,0,1,0,0,0,1,0,0,5,0,0,0
189,67c39015a522b4c28eabe107,True,none,0,Mali,30,5515.0,blue_3,True,False,False,False,False,False,False,False,False,False,False,False,False,False,0,0,0,0,0,0,0,0,0,0,3,0,0,0
190,67c39015a522b4c28eabe10a,True,park,0,Mali,31,9772.0,blue_3,False,True,False,False,False,False,False,False,False,False,False,False,False,False,0,0,0,0,0,0,0,0,0,0,0,0,0,0
191,67c39015a522b4c28eabe10c,True,park,0,Mali,32,3598.0,blue_3,False,True,False,False,False,False,False,False,False,False,False,False,False,False,0,0,0,1,0,0,0,0,1,4,4,0,0,0
192,67c39015a522b4c28eabe10e,True,park,0,Mali,33,702.0,blue_3,False,False,True,False,False,False,False,False,False,False,False,False,False,False,0,0,0,0,0,0,0,0,0,1,2,2,0,1
193,67c39015a522b4c28eabe110,True,none,0,Mali,34,3759.0,blue_3,False,False,True,False,False,False,False,False,False,False,False,False,False,False,0,0,0,0,0,0,0,0,4,3,0,0,0,0
194,67c39015a522b4c28eabe112,True,park,0,Mali,35,2485.0,blue_3,True,False,False,False,False,False,False,False,False,False,False,False,False,False,0,0,0,1,0,0,0,0,0,0,4,3,0,0
195,67c39027a522b4c28eabe120,True,none,0,Stephen ,29,6560.0,red_2,False,False,True,False,False,False,False,False,False,False,False,False,False,False,0,0,0,0,0,0,0,2,0,6,0,0,0,3
196,67c39027a522b4c28eabe124,True,park,0,Stephen ,30,10120.0,red_2,False,False,True,False,False,False,False,False,False,False,False,False,False,False,0,0,0,0,0,0,0,1,0,3,0,0,0,1
197,67c39027a522b4c28eabe126,True,none,0,Stephen,31,6657.0,red_2,False,True,False,False,False,False,False,False,False,False,False,False,False,False,1,0,0,0,0,0,0,1,1,1,1,0,2,2
198,67c39027a522b4c28eabe128,True,deep,0,Stephen,32,5137.0,red_2,False,True,False,False,False,False,False,False,False,False,False,False,False,False,0,0,0,0,0,0,0,0,0,2,5,0,0,0
199,67c39027a522b4c28eabe12c,True,deep,0,Stephen,33,4414.0,red_2,True,False,False,False,False,False,False,False,True,False,False,False,False,False,0,0,0,1,0,0,1,3,5,5,3,0,1,0
200,67c39027a522b4c28eabe12f,True,park,0,Stephen,34,3881.0,red_2,True,False,False,False,False,False,False,False,False,False,False,False,False,False,0,0,0,0,0,0,0,1,0,0,0,0,0,0
201,67c39027a522b4c28eabe134,False,failed,0,Stephen,35,3255.0,red_2,False,False,True,False,True,False,False,False,False,False,True,False,False,False,0,0,0,1,0,0,0,0,0,4,7,0,0,3
202,67c3903ca522b4c28eabe13c,True,park,0,Nuvya G,29,2584.0,red_3,False,True,False,False,False,False,False,False,False,False,False,False,False,False,0,0,0,0,0,0,0,0,0,0,5,2,0,3
203,67c3903ca522b4c28eabe13e,True,failed,0,Nuvya G,30,4201.0,red_3,False,True,False,False,False,False,False,False,False,False,False,False,True,False,0,0,0,1,0,0,0,2,2,1,3,0,0,1
204,67c3903ca522b4c28eabe140,True,park,0,Nuvya G,31,6658.0,red_3,True,False,False,False,False,False,False,False,False,False,False,False,False,False,0,0,0,0,0,0,0,0,0,0,0,0,0,0
205,67c3903ca522b4c28eabe142,True,none,0,Nuvya G,32,9534.0,red_3,False,False,True,False,False,False,False,False,False,False,False,False,False,False,0,0,0,0,0,0,0,0,0,0,0,0,0,0
206,67c3903ca522b4c28eabe144,True,park,0,Nuvya G,33,5025.0,red_3,False,True,False,False,False,False,False,False,False,False,False,False,False,False,0,0,0,0,0,0,0,3,0,0,0,0,0,0
207,67c3903ca522b4c28eabe146,True,none,0,Nuvya G,34,8015.0,red_3,False,True,False,True,False,False,False,False,False,False,False,False,False,False,0,0,0,0,0,0,0,0,1,0,5,0,0,0
208,67c3903ca522b4c28eabe152,True,park,0,Nuvya G,35,10147.0,red_3,True,False,False,False,False,False,False,False,False,False,False,False,False,False,0,0,0,0,0,0,0,4,0,0,0,0,0,0
209,67c39fefa522b4c28eabe1b3,True,none,0,Stephen,36,2102.0,red_2,True,False,False,False,False,False,False,False,False,False,False,False,False,True,1,0,0,0,0,0,0,1,5,2,2,0,1,1
210,67c39fefa522b4c28eabe1b5,True,park,0,Stephen,37,988.0,red_2,True,False,False,False,False,False,False,False,False,False,False,False,False,False,0,0,0,0,0,0,0,0,0,0,0,0,0,0
211,67c39fefa522b4c28eabe1b7,True,none,0,Stephen,38,5817.0,red_2,True,False,False,True,False,False,False,False,True,False,False,False,False,False,0,0,0,1,0,0,0,0,1,2,1,0,0,2
212,67c39fefa522b4c28eabe1b9,True,none,0,Stephen,39,6560.0,red_2,False,False,True,False,False,False,False,False,False,False,False,False,False,False,0,0,0,0,0,0,0,0,0,4,0,0,0,3
213,67c39fefa522b4c28eabe1bb,True,deep,0,Stephen,40,3255.0,red_2,False,False,True,False,True,False,False,False,False,False,True,False,False,False,0,0,0,1,0,0,0,0,5,4,3,1,0,1
214,67c39fefa522b4c28eabe1bd,True,none,0,Stephen,41,9772.0,red_2,True,False,False,False,False,False,False,False,False,False,False,False,False,False,0,0,0,0,0,0,0,0,0,0,0,0,0,1
215,67c39fefa522b4c28eabe1c9,True,failed,0,Stephen,42,702.0,red_2,False,False,True,False,True,False,False,False,False,False,True,False,False,False,0,0,0,1,0,0,0,0,0,1,6,1,0,1
216,67c39fefa522b4c28eabe1cb,True,failed,0,Stephen,43,2543.0,red_2,False,True,False,False,False,False,False,False,False,False,False,False,False,False,0,0,0,0,0,0,0,0,0,0,4,0,0,0
217,67c3a005a522b4c28eabe1d3,True,park,0,Nuvya G,36,9452.0,red_3,False,False,True,False,False,False,False,False,False,False,False,False,False,False,0,0,0,0,0,0,0,0,0,0,1,0,0,0
218,67c3a005a522b4c28eabe1d5,True,park,0,Nuvya G,37,3647.0,red_3,False,True,False,False,False,False,False,False,False,False,False,False,False,False,0,0,0,0,0,0,0,1,0,0,0,0,0,1
219,67c3a005a522b4c28eabe1d7,True,park,0,Nuvya G,38,399.0,red_3,False,True,False,False,False,False,False,False,False,False,False,False,False,False,0,0,0,0,0,0,0,0,0,2,5,0,1,1
220,67c3a005a522b4c28eabe1d9,True,park,0,Nuvya G,39,9534.0,red_3,False,True,False,False,False,False,False,False,False,False,False,False,False,False,0,0,0,0,0,0,0,0,0,0,0,0,0,0
221,67c3a005a522b4c28eabe1db,True,none,0,Nuvya G,40,6885.0,red_3,False,True,False,False,False,False,False,False,False,False,False,False,False,False,0,0,0,0,0,0,0,0,0,0,0,0,0,0
222,67c3a005a522b4c28eabe1dd,True,park,0,Nuvya G,41,10147.0,red_3,False,False,True,False,False,False,False,False,False,False,False,False,False,False,0,0,0,0,0,0,0,8,0,0,0,0,0,0
223,67c3a005a522b4c28eabe1e9,True,none,0,Nuvya G,42,2485.0,red_3,True,False,False,True,False,False,False,False,False,False,False,False,False,False,0,0,0,0,0,0,0,0,0,1,5,2,0,2
224,67c3a005a522b4c28eabe1eb,True,none,0,Nuvya G,43,4.0,red_3,True,False,False,False,False,False,False,False,False,False,False,False,False,False,0,0,0,0,0,0,0,0,0,0,0,1,2,5
225,67c3a03ba522b4c28eabe1f3,False,deep,0,Josie,36,2584.0,red_1,False,True,False,False,False,False,False,False,False,False,False,False,False,False,0,0,0,1,1,0,0,0,0,0,1,1,0,2
226,67c3a03ba522b4c28eabe1f5,False,shallow,0,Josie,37,498.0,red_1,False,False,True,False,False,False,False,False,False,False,False,False,False,False,0,0,0,1,0,0,0,1,0,0,6,0,0,0
227,67c3a03ba522b4c28eabe1f7,False,shallow,0,Josie,38,3863.0,red_1,False,False,True,False,False,False,False,False,False,False,False,False,False,False,0,0,0,0,0,0,1,0,0,0,0,0,4,0
228,67c3a03ba522b4c28eabe1f9,False,none,0,Josie,39,9599.0,red_1,True,False,False,False,False,False,False,False,False,False,False,False,False,False,0,0,0,0,0,0,0,0,1,3,0,0,0,0
229,67c3a03ba522b4c28eabe1fc,True,deep,0,Josie,40,4414.0,red_1,True,False,False,False,False,False,False,False,False,False,False,False,False,False,0,0,0,2,0,0,0,4,0,1,2,0,1,1
230,67c3a03ba522b4c28eabe1ff,True,none,0,Josie,41,5515.0,red_1,False,True,False,False,False,False,False,False,False,False,False,False,False,False,0,0,0,1,0,0,0,0,0,0,0,0,0,0
231,67c3a03ba522b4c28eabe203,False,deep,0,Josie,42,5025.0,red_1,False,True,False,False,False,False,False,False,False,False,False,False,False,False,0,0,0,0,0,0,0,1,0,0,0,0,0,0
232,67c3a03ba522b4c28eabe209,True,park,0,Josie,43,5817.0,red_1,False,False,True,False,False,False,False,False,False,False,False,False,False,False,0,0,0,0,0,0,0,0,0,1,3,0,0,0
233,67c3a0bda522b4c28eabe273,True,park,0,Ethan P.,36,6658.0,blue_1,False,False,False,False,False,False,False,True,False,False,False,False,False,False,0,0,0,0,0,0,0,0,0,0,0,0,0,0
234,67c3a0bda522b4c28eabe275,True,none,0,Ethan P.,37,8768.0,blue_1,False,False,False,False,False,False,True,False,False,False,False,False,False,False,0,0,0,0,0,0,0,1,0,0,3,0,0,0
235,67c3a0bda522b4c28eabe277,True,park,0,Ethan P.,38,114.0,blue_1,False,False,False,False,False,False,True,False,False,False,False,False,True,False,0,0,0,1,0,0,0,1,0,1,2,0,0,2
236,67c3a0bda522b4c28eabe279,True,park,0,Ethan P.,39,4400.0,blue_1,False,False,False,False,False,True,False,False,False,False,False,False,False,True,0,0,0,1,0,0,0,2,0,2,4,0,0,1
237,67c3a0bda522b4c28eabe27b,True,park,0,Ethan P.,40,1452.0,blue_1,False,False,False,False,False,True,False,False,False,False,False,False,False,False,0,0,0,0,0,0,0,0,0,0,2,0,0,1
238,67c3a0bda522b4c28eabe27d,True,failed,0,Ethan P.,41,2584.0,blue_1,False,False,False,False,False,False,True,False,False,False,False,False,False,False,0,0,0,1,1,0,1,0,0,2,4,0,0,0
239,67c3a0bda522b4c28eabe28a,False,park,0,Ethan P.,42,991.0,blue_1,False,False,False,False,False,False,False,True,False,False,False,False,False,False,0,0,0,0,0,0,0,0,0,0,0,0,1,2
240,67c3a0e2a522b4c28eabe28f,False,deep,0,Alex,36,2543.0,blue_2,False,False,False,False,False,False,False,False,False,False,False,False,False,False,0,0,0,0,0,0,0,0,0,0,3,0,0,1
241,67c3a0e2a522b4c28eabe291,True,none,0,Alex,37,610.0,blue_2,False,False,True,False,True,False,False,False,False,False,False,False,False,False,0,1,0,0,0,0,0,0,4,3,4,0,0,1
242,67c3a0e2a522b4c28eabe293,True,park,0,Alex,38,1388.0,blue_2,False,False,True,False,False,False,False,False,False,False,True,False,False,False,0,0,0,1,0,0,0,4,0,0,5,0,0,0
243,67c3a0e2a522b4c28eabe295,True,park,0,Alex,39,3881.0,blue_2,False,False,True,False,False,False,False,False,False,False,False,False,False,False,0,0,0,0,0,0,0,3,3,1,0,0,0,0
244,67c3a0e2a522b4c28eabe297,True,park,0,Alex,40,1159.0,blue_2,False,True,False,False,False,False,False,False,False,False,False,False,False,False,0,0,0,0,0,0,0,2,0,0,0,0,0,0
245,67c3a0e2a522b4c28eabe299,True,none,0,Alex,41,2839.0,blue_2,False,False,True,False,False,False,False,False,False,False,False,False,False,False,0,0,0,0,0,0,0,0,2,3,0,0,0,0
246,67c3a0e2a522b4c28eabe2a5,False,none,0,Alex,42,610.0,blue_2,True,False,False,False,False,False,False,False,False,False,False,False,False,False,0,0,0,0,0,0,0,0,1,3,5,0,0,0
247,67c3a0e2a522b4c28eabe2a7,True,none,0,Alex,43,10120.0,blue_2,True,False,False,False,False,False,False,False,False,False,False,False,False,True,1,0,0,0,0,0,0,0,1,1,6,0,0,0
248,67c3a1dca522b4c28eabe2af,True,none,0,Nuvya G,44,114.0,red_3,False,True,False,False,False,False,False,False,False,False,False,False,False,False,0,0,0,0,0,0,0,0,0,0,1,1,0,2
249,67c3a1f8a522b4c28eabe2b3,True,none,0,Stephen,44,6766.0,red_2,True,False,False,True,False,False,False,False,True,False,False,False,False,False,1,0,0,0,0,0,0,1,0,5,0,0,0,2
250,67c3a56fa522b4c28eabe2db,False,park,0,Mali,36,991.0,blue_3,True,False,False,False,False,False,False,False,False,False,False,False,False,False,0,0,0,0,0,0,0,0,0,0,0,0,1,1
251,67c3a56fa522b4c28eabe2dd,True,none,0,Mali,37,10120.0,blue_3,False,False,True,False,False,False,False,False,False,False,False,False,False,True,0,0,0,0,0,0,0,0,0,2,1,0,0,1
252,67c3a56fa522b4c28eabe2df,True,park,0,Mali,38,2658.0,blue_3,True,False,False,False,False,False,False,False,False,False,False,False,False,False,0,0,0,0,0,0,0,0,0,0,0,0,0,0
253,67c3a56fa522b4c28eabe2e1,True,park,0,Mali,39,5137.0,blue_3,False,True,False,False,False,False,False,False,False,False,False,False,False,False,0,0,0,0,0,0,0,0,0,3,3,0,0,1
254,67c3a56fa522b4c28eabe2e3,True,none,0,Mali,40,2375.0,blue_3,False,False,True,False,False,False,False,False,False,False,False,False,False,False,0,0,0,0,0,0,0,1,0,1,0,0,1,0
255,67c3a56fa522b4c28eabe2e5,True,park,0,Mali,41,8119.0,blue_3,True,False,False,False,False,False,False,False,False,False,False,False,False,False,0,0,0,0,0,0,0,0,1,0,0,0,6,0
256,67c3a56fa522b4c28eabe2f1,True,failed,0,Mali,42,3647.0,blue_3,False,True,False,False,False,False,False,False,False,False,False,False,False,False,0,0,0,0,0,0,0,0,0,0,0,0,0,0
257,67c3a56fa522b4c28eabe2f3,True,park,0,Mali,43,988.0,blue_3,False,False,True,False,False,False,False,False,False,False,False,False,False,False,0,0,0,0,0,0,0,0,0,0,0,0,0,0
258,67c3a56fa522b4c28eabe2f5,False,park,0,Nathan,44,9599.0,blue_3,False,False,True,False,False,False,False,False,False,False,False,False,False,False,0,0,0,0,0,0,0,0,2,2,0,0,0,1
259,67c3a56fa522b4c28eabe2f7,False,park,0,Nathan,45,8768.0,blue_3,False,False,True,False,False,False,False,False,False,False,False,False,False,False,0,0,0,0,0,0,0,0,0,0,1,0,0,0
260,67c3a56fa522b4c28eabe2f9,True,none,0,Nathan,46,8891.0,blue_3,False,False,True,False,False,False,False,False,False,False,False,False,False,False,0,0,0,0,0,0,0,0,0,2,0,0,0,0
261,67c3a57da522b4c28eabe307,True,park,0,Jacob,45,399.0,red_1,False,False,True,False,False,False,False,False,False,False,False,False,False,False,0,0,0,0,0,0,0,0,0,0,8,0,0,0
262,67c3a57da522b4c28eabe309,True,park,0,Jacob,46,3598.0,red_1,False,False,False,False,False,False,False,False,False,False,False,False,False,False,0,0,0,0,0,0,0,0,0,2,4,0,0,0
263,67c3a7b3a522b4c28eabe30f,True,none,0,DeNeefe,45,9452.0,red_3,True,False,False,False,False,False,False,False,False,False,False,False,False,False,0,0,0,0,0,0,0,0,2,0,1,0,0,0
264,67c3a7b3a522b4c28eabe311,False,deep,0,DeNeefe,46,498.0,red_3,False,False,True,False,False,False,False,False,False,False,False,False,False,False,1,0,0,0,0,0,0,0,0,3,4,0,0,3
265,67c3a7c2a522b4c28eabe317,True,none,0,Chiamaka,45,6657.0,red_2,False,True,False,False,False,False,False,False,False,False,False,False,False,False,0,0,0,0,0,0,0,2,2,1,0,0,3,1
266,67c3a7c2a522b4c28eabe319,True,park,0,Chiamaka,46,3759.0,red_2,True,False,False,False,False,False,False,False,False,False,False,False,False,False,0,0,0,0,0,0,0,0,5,3,0,0,0,0
267,67c3a7c2a522b4c28eabe31c,False,none,0,Chiamaka,47,3647.0,red_2,False,False,False,False,False,False,False,False,False,False,False,False,False,False,0,0,0,0,0,0,0,0,0,0,0,0,0,0
268,67c3a7c8a522b4c28eabe323,True,deep,0,Andy :),44,4400.0,blue_2,True,False,False,False,False,False,False,False,True,False,False,False,False,False,0,0,0,2,0,0,0,0,2,2,5,0,0,1
269,67c3a7c8a522b4c28eabe325,True,deep,0,Andy :),45,4201.0,blue_2,False,True,False,False,False,False,False,False,False,True,False,False,False,False,0,0,0,1,0,0,0,0,0,0,0,0,4,6
270,67c3a7c8a522b4c28eabe327,True,failed,0,Andy :),46,6658.0,blue_2,True,False,False,False,False,False,False,False,False,False,False,False,False,False,0,0,0,0,0,0,0,0,0,0,0,0,0,0
271,67c3a7d4a522b4c28eabe32f,True,none,0,David G.,44,8015.0,blue_1,False,True,False,False,False,False,True,False,False,False,False,False,False,False,0,0,0,2,0,0,0,0,2,0,1,0,1,1
272,67c3a7d4a522b4c28eabe331,True,park,0,David G.,45,2658.0,blue_1,True,False,False,False,False,False,False,False,False,False,False,False,False,False,0,0,0,0,0,0,0,0,0,0,0,0,0,0
273,67c3a7d4a522b4c28eabe333,True,deep,0,David G.,46,1388.0,blue_1,False,True,False,False,False,False,True,False,False,False,False,False,False,False,0,0,0,1,0,0,0,0,0,0,6,0,0,0
274,67c3b0aea522b4c28eabe3b2,True,park,0,Chiamaka,47,3647.0,red_2,False,True,False,False,False,False,False,False,False,False,False,False,False,False,0,0,0,0,0,0,0,0,0,0,0,0,0,0
275,67c3b0aea522b4c28eabe3b4,True,park,0,Chiamaka,48,702.0,red_2,True,False,False,False,False,False,False,False,True,False,False,False,False,False,0,0,0,1,0,0,0,0,0,0,8,0,0,0
276,67c3b0aea522b4c28eabe3b6,True,none,0,Chiamaka,49,10147.0,red_2,True,False,False,False,False,False,False,False,False,False,False,False,False,False,0,0,0,0,0,0,0,6,0,0,0,0,0,0
277,67c3b0aea522b4c28eabe3b8,True,failed,0,Chiamaka,50,3255.0,red_2,True,False,False,False,False,False,False,False,True,False,False,False,False,False,0,0,0,2,0,0,0,0,0,5,6,4,0,4
278,67c3b0aea522b4c28eabe3ba,True,park,0,Chiamaka,51,6658.0,red_2,False,True,False,False,False,False,False,False,False,False,False,False,False,False,0,0,0,0,0,0,0,0,0,0,0,0,0,0
279,67c3b0caa522b4c28eabe3c6,True,deep,0,DeNeefe,47,4414.0,red_3,True,False,False,False,False,False,False,False,False,False,False,False,False,False,0,0,0,2,0,0,1,0,0,2,9,0,0,0
280,67c3b0caa522b4c28eabe3c8,True,park,0,DeNeefe,48,9534.0,red_3,False,True,False,False,False,False,False,False,False,False,False,False,False,False,0,0,0,0,0,0,0,0,0,0,0,0,3,2
281,67c3b0caa522b4c28eabe3ca,True,none,0,DeNeefe,49,114.0,red_3,False,True,False,False,False,False,False,False,False,False,False,False,False,False,1,0,0,0,0,0,0,0,0,0,3,0,0,0
282,67c3b0caa522b4c28eabe3cc,True,park,0,DeNeefe,50,988.0,red_3,False,False,True,False,False,False,False,False,False,False,False,False,False,False,0,0,0,0,0,0,0,0,0,0,0,0,0,0
283,67c3b0caa522b4c28eabe3ce,True,deep,0,DeNeefe,51,4400.0,red_3,False,False,True,False,False,False,False,False,False,False,False,False,False,False,0,0,0,2,0,0,0,0,0,2,7,0,0,2
284,67c3b0dca522b4c28eabe3da,True,park,0,Nathan,47,5515.0,blue_3,False,False,True,False,False,False,False,False,False,False,False,False,False,False,0,0,0,1,0,0,0,0,0,0,0,0,0,0
285,67c3b0dca522b4c28eabe3dc,True,none,0,Nathan,48,5817.0,blue_3,False,False,True,False,False,False,False,False,False,False,False,False,False,False,0,0,0,0,0,0,0,1,0,0,3,0,0,0
286,67c3b0dca522b4c28eabe3de,True,none,0,Nathan,49,2102.0,blue_3,False,False,True,False,False,False,False,False,False,False,False,False,False,False,0,0,0,0,0,0,0,0,0,1,2,0,1,1
287,67c3b0dca522b4c28eabe3e1,False,failed,0,Nathan,50,9452.0,blue_3,False,False,True,False,False,False,False,False,False,False,False,False,False,False,0,0,0,0,0,0,0,1,0,2,2,0,0,1
288,67c3b0dca522b4c28eabe3e3,False,park,0,Nathan,51,2658.0,blue_3,False,False,True,False,False,False,False,False,False,False,False,False,False,False,0,0,0,0,0,0,0,0,0,0,1,0,0,0
289,67c3b10ca522b4c28eabe3ee,False,none,0,Kiinon2,47,,red_1,False,False,False,False,False,False,False,True,False,False,False,False,False,False,0,0,0,0,0,0,0,0,0,0,0,0,0,0
290,67c3b10ca522b4c28eabe3f0,False,park,0,Kiinon2,48,991.0,red_1,False,False,False,False,False,False,False,True,False,False,False,False,False,False,0,0,0,0,0,0,0,0,0,0,0,0,3,1
291,67c3b10ca522b4c28eabe3f2,True,none,0,Kiinon2,49,8119.0,red_1,False,False,False,False,False,False,False,True,False,False,False,False,False,False,0,0,0,0,0,0,0,0,0,0,0,0,0,0
292,67c3b10ca522b4c28eabe3f4,True,park,0,Kiinon2,50,6657.0,red_1,False,False,False,False,False,False,False,False,False,False,False,False,False,False,0,0,0,0,0,0,0,1,0,0,4,0,0,0
293,67c3b10ca522b4c28eabe3f6,True,none,0,Kiinon2,51,3759.0,red_1,False,False,False,False,False,False,False,False,False,False,False,False,False,False,0,0,0,0,0,0,0,0,6,1,0,0,0,0
294,67c3b117a522b4c28eabe402,True,park,0,Andy :),47,2584.0,blue_2,False,True,False,False,False,False,False,False,False,True,False,False,False,False,0,0,0,0,0,0,0,0,0,0,2,2,0,2
295,67c3b117a522b4c28eabe404,True,park,0,Andy :),48,10120.0,blue_2,True,False,False,True,False,False,False,False,False,False,False,False,False,True,2,0,0,0,0,0,0,0,0,1,5,0,0,0
296,67c3b117a522b4c28eabe406,True,deep,0,Andy :),49,3881.0,blue_2,False,True,False,False,False,False,False,False,False,False,False,False,False,False,0,0,0,0,0,0,0,0,2,2,0,0,0,0
297,67c3b117a522b4c28eabe409,True,park,0,Andy :),50,8015.0,blue_2,False,True,False,False,True,False,False,False,False,True,False,False,False,False,0,0,0,1,0,0,0,0,0,0,3,0,0,0
298,67c3b117a522b4c28eabe40b,True,park,0,Andy :),51,9599.0,blue_2,True,False,False,False,False,False,False,False,False,False,False,False,False,False,0,0,0,0,0,0,0,1,1,3,0,0,0,2
299,67c3b12ca522b4c28eabe416,False,none,0,David G.,47,2375.0,blue_1,True,False,False,False,False,False,False,False,False,False,False,False,False,False,0,0,0,0,0,0,0,0,1,1,0,0,0,1
300,67c3b12ca522b4c28eabe418,False,none,0,David G.,48,9772.0,blue_1,False,True,False,False,False,False,False,False,False,False,False,False,False,False,0,0,0,0,0,0,0,0,0,0,1,0,0,0
301,67c3b12ca522b4c28eabe41a,False,park,0,David G.,49,610.0,blue_1,True,False,False,False,False,False,False,False,False,False,False,False,False,False,0,0,0,0,0,0,0,0,0,0,0,0,0,0
302,67c3b12ca522b4c28eabe41d,False,park,0,David G.,50,5025.0,blue_1,True,False,False,False,False,True,False,False,False,False,False,False,False,False,0,0,0,0,0,0,0,1,0,0,0,0,0,0
303,67c3b12ca522b4c28eabe421,False,park,0,David G.,51,2543.0,blue_1,False,True,False,False,False,False,False,False,False,False,False,False,False,False,0,0,0,0,0,0,0,0,0,0,2,0,1,0
304,67c3b6dda522b4c28eabe48a,False,park,0,David G ,52,2839.0,blue_1,False,False,True,False,False,False,False,False,False,False,False,False,False,False,0,0,0,0,0,0,0,0,2,2,0,0,0,0
305,67c3b6dda522b4c28eabe48c,False,none,0,David G ,53,6560.0,blue_1,True,False,False,False,False,False,False,False,False,False,False,False,False,False,0,0,0,0,0,0,0,1,1,1,0,0,0,1
306,67c3bc5ba522b4c28eabe4b6,True,failed,0,Chiamaka,52,3863.0,red_2,False,False,True,False,False,False,False,False,False,False,False,True,False,False,0,0,0,0,0,0,1,1,3,6,0,0,0,0
307,67c3bc5ba522b4c28eabe4b8,True,none,0,Chiamaka,53,399.0,red_2,True,False,False,False,False,False,False,False,False,False,False,False,False,False,0,0,0,0,0,0,0,0,0,1,4,0,0,0
308,67c3bc5ba522b4c28eabe4ba,True,park,0,Jacob,54,1452.0,red_2,True,False,False,False,False,False,False,False,False,False,False,False,False,False,0,0,0,0,0,0,0,1,0,0,1,0,0,0
309,67c3bc5ba522b4c28eabe4bc,True,none,0,Jacob,55,2584.0,red_2,False,True,False,False,False,False,False,False,False,False,False,False,False,False,0,0,0,1,1,0,1,0,0,1,5,2,0,2
310,67c3bc5ba522b4c28eabe4be,True,none,0,Chiamaka,56,5515.0,red_2,True,False,False,False,False,False,False,False,False,False,False,False,False,True,0,0,0,1,0,0,0,1,0,0,5,0,0,0
311,67c3bc90a522b4c28eabe506,False,none,0,David G ,54,8891.0,blue_1,False,False,True,False,False,False,False,False,False,False,False,False,False,False,0,0,0,0,0,0,0,1,0,0,1,0,0,2
312,67c3bc90a522b4c28eabe508,True,none,0,David G ,55,2375.0,blue_1,False,True,False,False,False,False,False,False,False,False,False,False,False,False,0,0,0,0,0,0,0,0,0,6,0,0,0,1
313,67c3bc90a522b4c28eabe50a,False,park,0,David G ,56,988.0,blue_1,False,True,False,False,False,False,False,False,False,False,False,False,False,False,0,0,0,0,0,0,0,0,0,0,0,0,0,0
314,67c3bca3a522b4c28eabe512,True,park,0,Andy :),52,498.0,blue_2,True,False,False,True,False,False,False,False,True,False,False,False,False,False,0,0,0,0,0,0,0,0,1,0,4,0,0,0
315,67c3bca3a522b4c28eabe514,True,park,0,Andy :),53,6885.0,blue_2,False,True,False,False,False,False,False,False,False,False,False,False,False,False,0,0,0,0,0,0,0,0,0,0,0,0,0,0
316,67c3bca3a522b4c28eabe516,True,park,0,Andy :),54,5137.0,blue_2,False,True,False,False,False,False,False,False,False,True,False,False,False,False,0,0,0,0,0,0,0,0,0,2,1,0,0,1
317,67c3bca3a522b4c28eabe518,True,park,0,Andy,55,5817.0,blue_2,False,True,False,False,False,False,False,False,False,True,False,False,False,False,0,0,0,1,0,0,0,1,0,0,5,0,0,1
318,67c3bca3a522b4c28eabe51a,True,failed,0,Andy,56,2102.0,blue_2,False,True,False,False,False,False,False,False,False,False,True,False,False,False,0,0,0,0,0,0,0,0,0,4,3,0,0,3
319,67c3bcb1a522b4c28eabe526,True,deep,0,Kiinon2,52,3598.0,red_1,False,False,False,False,False,False,False,False,False,False,False,False,False,False,0,0,0,0,0,0,0,0,2,1,3,0,0,0
320,67c3bcb1a522b4c28eabe528,True,none,0,Kiinon2,53,1388.0,red_1,False,False,False,False,False,False,False,False,False,False,False,False,False,False,0,0,0,0,0,0,0,3,0,2,3,0,0,0
321,67c3bcb1a522b4c28eabe52a,True,none,0,Kiinon2,54,8768.0,red_1,False,False,False,False,False,False,True,False,False,False,False,False,False,False,0,0,0,0,0,0,0,0,0,0,2,0,0,0
322,67c3bcb2a522b4c28eabe52c,True,park,0,Kiinon2,55,5025.0,red_1,False,False,False,False,False,True,False,False,False,False,False,False,False,False,0,0,0,0,0,0,0,2,0,0,0,0,0,0
323,67c3bcb2a522b4c28eabe52e,True,failed,0,Kiinon2,56,702.0,red_1,False,False,False,False,False,False,False,True,False,False,False,False,False,False,0,0,0,1,0,0,0,0,0,1,4,3,0,3
324,67c3bcc3a522b4c28eabe53a,True,park,0,DeNeefe,52,4.0,red_3,True,False,False,False,False,False,False,False,False,False,False,False,False,False,0,0,0,0,0,0,0,0,0,0,0,1,3,5
325,67c3bcc3a522b4c28eabe53c,True,park,0,DeNeefe,53,1159.0,red_3,False,True,False,False,False,False,False,False,False,False,False,False,False,False,0,0,0,0,0,0,0,0,0,0,0,0,0,0
326,67c3bcc3a522b4c28eabe53e,True,shallow,0,DeNeefe,54,3881.0,red_3,False,False,True,False,False,False,False,False,False,False,False,False,False,False,0,0,0,0,0,0,0,2,4,0,0,0,0,0
327,67c3bcc3a522b4c28eabe540,True,park,0,DeNeefe,55,9772.0,red_3,True,False,False,False,False,False,False,False,False,False,False,False,False,False,0,0,0,0,0,0,0,0,0,0,0,0,0,1
328,67c3bcc3a522b4c28eabe542,True,none,0,DeNeefe,56,3759.0,red_3,False,True,False,False,False,False,False,False,False,False,False,False,False,False,0,0,0,0,0,0,0,1,2,4,1,0,0,0
329,67c3bcc8a522b4c28eabe54e,True,none,0,Nathan,52,4201.0,blue_3,False,True,False,False,False,False,False,False,False,False,False,False,False,False,0,0,0,0,0,0,0,0,1,3,0,0,2,1
330,67c3bcc8a522b4c28eabe550,False,none,0,Nathan,53,6766.0,blue_3,False,True,False,False,False,False,False,False,False,False,False,False,False,False,0,0,0,0,0,0,0,0,0,3,2,0,0,2
331,67c3bcc8a522b4c28eabe552,True,none,0,Nathan,54,10120.0,blue_3,True,False,False,False,False,False,False,False,False,False,False,False,False,False,0,0,0,0,0,0,0,0,0,1,5,0,0,0
332,67c3bcc8a522b4c28eabe554,True,deep,0,Nathan,55,9452.0,blue_3,True,False,False,False,False,False,False,False,False,False,False,False,False,False,0,0,0,0,0,0,0,0,0,0,1,0,0,1
333,67c3bcc8a522b4c28eabe559,True,none,0,Nathan,56,2485.0,blue_3,True,False,False,False,False,False,False,False,False,False,False,False,False,False,0,0,0,1,0,0,0,0,0,0,1,0,0,0
334,67c3cb064d6a3d5d0ede95c8,True,none,0,vanessa ,26,9772.0,blue_1,True,False,False,False,False,False,False,False,False,False,False,False,False,False,0,0,0,0,0,0,0,0,0,0,0,0,0,0
335,67c3cda94d6a3d5d0ede95cc,True,deep,0,vanessa,43,3863.0,blue_1,False,True,False,False,False,False,False,False,False,True,False,False,False,False,0,0,0,0,0,0,1,3,0,22,0,0,0,1
336,67c3ce874d6a3d5d0ede95d0,True,none,0,vanessa,44,2102.0,red_1,False,False,True,False,False,False,False,False,False,False,False,True,False,False,0,0,0,0,0,0,0,0,7,1,4,0,0,2
